sample_id,y_true,severity_group,mmse,n_models,wrong_count,mean_p_ad,sd_p_ad,positive_votes,wrong_fraction
TEST_0041,1,early,23,102,96,0.1813371438279224,0.16987951873949547,6,0.9411764705882353
TEST_0017,1,middle,16,102,75,0.2754976342191971,0.2139682783628868,27,0.7352941176470589
TEST_0046,1,middle,20,102,71,0.42274014237534857,0.1549597279663354,31,0.696078431372549
TEST_0065,1,AD_high_MMSE,25,102,62,0.4430224548098581,0.15565653690482525,40,0.6078431372549019
