sample_id,y_true,severity_group,mmse,n_models,wrong_count,mean_p_ad,sd_p_ad,positive_votes,wrong_fraction
TEST_0041,1,early,23,102,102,0.10982551365981598,0.09829254850633379,0,1.0
TEST_0017,1,middle,16,102,88,0.24281495127109007,0.1788282891825469,14,0.8627450980392157
TEST_0046,1,middle,20,102,66,0.45144949450983646,0.16103917269569168,36,0.6470588235294118
TEST_0033,1,late,10,102,62,0.443948620357006,0.168491003301919,40,0.6078431372549019
